route id,source,destination,date,% on time (bus),avg time,actual,"diff(avg,actual)",correlation,ratio delay -> total time
1,362,888,7/4/2016 0:00,0.578894,0:21:11,0:19:24,0:01:47,neg,9.192439863
1,362,888,7/21/2016 0:00,0.59332,0:21:11,0:21:22,0:00:11,pos,0.8580343214
1,362,888,11/24/2016 0:00,0.545145,0:21:11,0:19:38,0:01:33,neg,7.894736842
1,362,888,12/14/2016 0:00,0.596059,0:21:11,0:24:31,0:03:20,pos,13.59619307
1,362,888,12/25/2016 0:00,0.558298,0:21:11,0:18:45,0:02:26,neg,12.97777778
1,362,888,12/26/2016 0:00,0.589461,0:21:11,0:17:25,0:03:46,neg,21.62679426
1,362,888,2/17/2017 0:00,0.588679,0:21:11,0:21:15,0:00:04,pos,0.3137254902
1,362,888,4/12/2017 0:00,0.58209,0:21:11,0:29:22,0:08:11,pos,27.86606129
1,362,888,4/14/2017 0:00,0.606164,0:21:11,0:23:40,0:02:29,pos,10.49295775
1,362,888,4/28/2017 0:00,0.557018,0:21:11,0:20:59,0:00:12,neg,0.9531374106
1,362,888,5/17/2017 0:00,0.602585,0:21:11,0:26:53,0:05:42,pos,21.20272784
1,362,888,5/24/2017 0:00,0.606159,0:21:11,0:22:01,0:00:50,pos,3.785011355
1,362,888,5/25/2017 0:00,0.560284,0:21:11,0:32:15,0:11:04,pos,34.31524548
1,362,888,6/9/2017 0:00,0.602094,0:21:11,0:19:11,0:02:00,neg,10.42571677
1,362,888,10/8/2017 0:00,0.514938,0:21:11,0:18:45,0:02:26,neg,12.97777778
1,362,888,10/28/2017 0:00,0.605806,0:21:11,0:23:54,0:02:43,pos,11.36680614
1,362,888,10/29/2017 0:00,0.595128,0:21:11,0:21:39,0:00:28,pos,2.155504234
1,362,888,10/31/2017 0:00,0.574757,0:21:11,0:21:48,0:00:37,pos,2.828746177
1,362,888,11/2/2017 0:00,0.575314,0:21:11,0:30:20,0:09:09,pos,30.16483516
1,362,888,11/5/2017 0:00,0.591954,0:21:11,0:20:42,0:00:29,neg,2.334943639
1,362,888,11/19/2017 0:00,0.60325,0:21:11,0:24:53,0:03:42,pos,14.86939049
1,362,888,12/15/2017 0:00,0.591904,0:21:11,0:26:05,0:04:54,pos,18.78594249
1,362,888,12/24/2017 0:00,0.582222,0:21:11,0:19:39,0:01:32,neg,7.80322307
1,362,888,12/25/2017 0:00,0.561879,0:21:11,0:20:39,0:00:32,neg,2.582728006
1,362,888,1/1/2018 0:00,0.582418,0:21:11,0:15:50,0:05:21,neg,33.78947368
1,888,362,7/4/2016 0:00,0.578894,0:19:15,0:21:12,0:01:57,pos,9.198113208
1,888,362,7/21/2016 0:00,0.59332,0:19:15,0:18:33,0:00:42,neg,3.773584906
1,888,362,11/24/2016 0:00,0.545145,0:19:15,0:22:01,0:02:46,pos,12.5662377
1,888,362,12/14/2016 0:00,0.596059,0:19:15,0:22:45,0:03:30,pos,15.38461538
1,888,362,12/25/2016 0:00,0.558298,0:19:15,0:21:40,0:02:25,pos,11.15384615
1,888,362,12/26/2016 0:00,0.589461,0:19:15,0:14:30,0:04:45,neg,32.75862069
1,888,362,2/17/2017 0:00,0.588679,0:19:15,0:21:10,0:01:55,pos,9.05511811
1,888,362,4/12/2017 0:00,0.58209,0:19:15,0:23:49,0:04:34,pos,19.17424773
1,888,362,4/14/2017 0:00,0.606164,0:19:15,0:21:40,0:02:25,pos,11.15384615
1,888,362,4/28/2017 0:00,0.557018,0:19:15,0:27:14,0:07:59,pos,29.31456548
1,888,362,5/17/2017 0:00,0.602585,0:19:15,0:27:22,0:08:07,pos,29.6589525
1,888,362,5/24/2017 0:00,0.606159,0:19:15,0:19:40,0:00:25,pos,2.118644068
1,888,362,5/25/2017 0:00,0.560284,0:19:15,0:28:10,0:08:55,pos,31.65680473
1,888,362,6/9/2017 0:00,0.602094,0:19:15,0:20:21,0:01:06,pos,5.405405405
1,888,362,10/8/2017 0:00,0.514938,0:19:15,0:27:46,0:08:31,pos,30.67226891
1,888,362,10/28/2017 0:00,0.605806,0:19:15,0:20:48,0:01:33,pos,7.451923077
1,888,362,10/29/2017 0:00,0.595128,0:19:15,0:18:34,0:00:41,neg,3.68043088
1,888,362,10/31/2017 0:00,0.574757,0:19:15,0:26:01,0:06:46,pos,26.00896861
1,888,362,11/2/2017 0:00,0.575314,0:19:15,0:25:46,0:06:31,pos,25.29107374
1,888,362,11/5/2017 0:00,0.591954,0:19:15,0:19:29,0:00:14,pos,1.19760479
1,888,362,11/19/2017 0:00,0.60325,0:19:15,0:17:33,0:01:42,neg,9.686609687
1,888,362,12/15/2017 0:00,0.591904,0:19:15,0:21:40,0:02:25,pos,11.15384615
1,888,362,12/24/2017 0:00,0.582222,0:19:15,0:18:01,0:01:14,neg,6.845513414
1,888,362,12/25/2017 0:00,0.561879,0:19:15,0:20:19,0:01:04,pos,5.250205086
1,888,362,1/1/2018 0:00,0.582418,0:19:15,0:18:30,0:00:45,neg,4.054054054
7,530,885,4/22/2016 0:00,0.496503,0:07:19,0:08:11,0:00:52,pos,10.59063136
7,530,885,4/28/2016 0:00,0.60815,0:07:19,0:09:05,0:01:46,pos,19.44954128
7,530,885,5/3/2016 0:00,0.601286,0:07:19,0:07:03,0:00:16,neg,3.78250591
7,530,885,5/31/2016 0:00,0.61465,0:07:19,0:09:06,0:01:47,pos,19.5970696
7,530,885,6/16/2016 0:00,0.492647,0:07:19,0:10:19,0:03:00,pos,29.07915994
7,530,885,6/22/2016 0:00,0.603333,0:07:19,0:09:22,0:02:03,pos,21.886121
7,530,885,7/13/2016 0:00,0.546713,0:07:19,0:07:50,0:00:31,pos,6.595744681
7,530,885,8/18/2016 0:00,0.598726,0:07:19,0:10:24,0:03:05,pos,29.6474359
7,530,885,9/12/2016 0:00,0.563177,0:07:19,0:10:23,0:03:04,pos,29.53451043
7,530,885,9/22/2016 0:00,0.585526,0:07:19,0:08:34,0:01:15,pos,14.59143969
7,530,885,9/29/2016 0:00,0.604575,0:07:19,0:09:00,0:01:41,pos,18.7037037
7,530,885,10/6/2016 0:00,0.616438,0:07:19,0:08:05,0:00:46,pos,9.484536082
7,530,885,10/17/2016 0:00,0.588629,0:07:19,0:08:10,0:00:51,pos,10.40816327
7,530,885,10/19/2016 0:00,0.554795,0:07:19,0:08:30,0:01:11,pos,13.92156863
7,530,885,11/10/2016 0:00,0.558219,0:07:19,0:09:28,0:02:09,pos,22.71126761
7,530,885,11/30/2016 0:00,0.610811,0:07:19,0:10:49,0:03:30,pos,32.35747304
7,530,885,3/10/2017 0:00,0.596859,0:07:19,0:10:19,0:03:00,pos,29.07915994
7,530,885,3/11/2017 0:00,0.484444,0:07:19,0:09:42,0:02:23,pos,24.57044674
7,530,885,5/4/2017 0:00,0.5925,0:07:19,0:08:23,0:01:04,pos,12.72365805
7,530,885,5/26/2017 0:00,0.603865,0:07:19,0:07:09,0:00:10,neg,2.331002331
7,530,885,6/16/2017 0:00,0.559055,0:07:19,0:09:05,0:01:46,pos,19.44954128
7,530,885,6/21/2017 0:00,0.57931,0:07:19,0:11:47,0:04:28,pos,37.90664781
7,530,885,7/28/2017 0:00,0.556338,0:07:19,0:08:47,0:01:28,pos,16.69829222
7,885,530,4/22/2016 0:00,0.496503,0:04:19,0:05:48,0:01:29,pos,25.57471264
7,885,530,4/28/2016 0:00,0.60815,0:04:19,0:05:38,0:01:19,pos,23.37278107
7,885,530,5/3/2016 0:00,0.601286,0:04:19,0:05:22,0:01:03,pos,19.56521739
7,885,530,5/31/2016 0:00,0.61465,0:04:19,0:05:13,0:00:54,pos,17.25239617
7,885,530,6/16/2016 0:00,0.492647,0:04:19,0:06:32,0:02:13,pos,33.92857143
7,885,530,6/22/2016 0:00,0.603333,0:04:19,0:05:27,0:01:08,pos,20.79510703
7,885,530,7/13/2016 0:00,0.546713,0:04:19,0:06:24,0:02:05,pos,32.55208333
7,885,530,8/18/2016 0:00,0.598726,0:04:19,0:06:05,0:01:46,pos,29.04109589
7,885,530,9/12/2016 0:00,0.563177,0:04:19,0:05:58,0:01:39,pos,27.65363128
7,885,530,9/22/2016 0:00,0.585526,0:04:19,0:06:19,0:02:00,pos,31.66226913
7,885,530,9/29/2016 0:00,0.604575,0:04:19,0:06:35,0:02:16,pos,34.43037975
7,885,530,10/6/2016 0:00,0.616438,0:04:19,0:06:26,0:02:07,pos,32.9015544
7,885,530,10/17/2016 0:00,0.588629,0:04:19,0:05:53,0:01:34,pos,26.62889518
7,885,530,10/19/2016 0:00,0.554795,0:04:19,0:05:56,0:01:37,pos,27.24719101
7,885,530,11/10/2016 0:00,0.558219,0:04:19,0:06:09,0:01:50,pos,29.8102981
7,885,530,11/30/2016 0:00,0.610811,0:04:19,0:06:00,0:01:41,pos,28.05555556
7,885,530,3/10/2017 0:00,0.596859,0:04:19,0:07:02,0:02:43,pos,38.62559242
7,885,530,3/11/2017 0:00,0.484444,0:04:19,0:06:19,0:02:00,pos,31.66226913
7,885,530,5/4/2017 0:00,0.5925,0:04:19,0:06:16,0:01:57,pos,31.11702128
7,885,530,5/26/2017 0:00,0.603865,0:04:19,0:05:01,0:00:42,pos,13.95348837
7,885,530,6/16/2017 0:00,0.559055,0:04:19,0:06:09,0:01:50,pos,29.8102981
7,885,530,6/21/2017 0:00,0.57931,0:04:19,0:06:42,0:02:23,pos,35.5721393
7,885,530,7/28/2017 0:00,0.556338,0:04:19,0:05:29,0:01:10,pos,21.27659574
15,888,1195,5/6/2016 0:00,0.633898,0:12:05,0:15:27,0:03:22,pos,21.79072276
15,888,1195,5/14/2016 0:00,0.607009,0:12:05,0:12:20,0:00:15,pos,2.027027027
15,888,1195,8/27/2016 0:00,0.624123,0:12:05,0:13:47,0:01:42,pos,12.3337364
15,888,1195,9/8/2016 0:00,0.621387,0:12:05,0:15:45,0:03:40,pos,23.28042328
15,888,1195,9/9/2016 0:00,0.633385,0:12:05,0:13:42,0:01:37,pos,11.80048662
15,888,1195,9/16/2016 0:00,0.627208,0:12:05,0:15:03,0:02:58,pos,19.71207087
15,888,1195,10/7/2016 0:00,0.586491,0:12:05,0:11:51,0:00:14,neg,1.969057665
15,888,1195,10/28/2016 0:00,0.623044,0:12:05,0:17:07,0:05:02,pos,29.406037
15,888,1195,11/1/2016 0:00,0.631714,0:12:05,0:11:33,0:00:32,neg,4.617604618
15,888,1195,11/16/2016 0:00,0.633898,0:12:05,0:14:00,0:01:55,pos,13.69047619
15,888,1195,11/18/2016 0:00,0.609009,0:12:05,0:10:29,0:01:36,neg,15.26232114
15,888,1195,12/2/2016 0:00,0.6261,0:12:05,0:17:23,0:05:18,pos,30.48897411
15,888,1195,12/7/2016 0:00,0.628499,0:12:05,0:16:18,0:04:13,pos,25.86912065
15,888,1195,12/9/2016 0:00,0.618421,0:12:05,0:12:08,0:00:03,pos,0.4120879121
15,888,1195,9/23/2017 0:00,0.611195,0:12:05,0:12:21,0:00:16,pos,2.159244265
15,888,1195,10/10/2017 0:00,0.623762,0:12:05,0:12:24,0:00:19,pos,2.553763441
15,888,1195,10/28/2017 0:00,0.628049,0:12:05,0:12:04,0:00:01,neg,0.138121547
15,888,1195,1/5/2018 0:00,0.626263,0:12:05,0:15:57,0:03:52,pos,24.24242424
15,888,1195,1/6/2018 0:00,0.615297,0:12:05,0:14:13,0:02:08,pos,15.00586166
15,888,1195,1/8/2018 0:00,0.523585,0:12:05,0:12:27,0:00:22,pos,2.945113788
15,888,1195,1/9/2018 0:00,0.602317,0:12:05,0:18:38,0:06:33,pos,35.15205725
15,888,1195,1/10/2018 0:00,0.62341,0:12:05,0:17:47,0:05:42,pos,32.0524836
15,888,1195,1/11/2018 0:00,0.594488,0:12:05,0:11:39,0:00:26,neg,3.719599428
15,888,1195,1/12/2018 0:00,0.614973,0:12:05,0:16:31,0:04:26,pos,26.84157417
15,1195,888,5/6/2016 0:00,0.633898,0:12:53,0:13:11,0:00:18,pos,2.275600506
15,1195,888,5/14/2016 0:00,0.607009,0:12:53,0:12:09,0:00:44,neg,6.035665295
15,1195,888,8/27/2016 0:00,0.624123,0:12:53,0:16:43,0:03:50,pos,22.93120638
15,1195,888,9/8/2016 0:00,0.621387,0:12:53,0:16:48,0:03:55,pos,23.31349206
15,1195,888,9/9/2016 0:00,0.633385,0:12:53,0:16:27,0:03:34,pos,21.68186424
15,1195,888,9/16/2016 0:00,0.627208,0:12:53,0:17:44,0:04:51,pos,27.34962406
15,1195,888,10/7/2016 0:00,0.586491,0:12:53,0:17:02,0:04:09,pos,24.36399217
15,1195,888,10/28/2016 0:00,0.623044,0:12:53,0:16:01,0:03:08,pos,19.56295525
15,1195,888,11/1/2016 0:00,0.631714,0:12:53,0:11:17,0:01:36,neg,14.18020679
15,1195,888,11/16/2016 0:00,0.633898,0:12:53,0:14:51,0:01:58,pos,13.24354658
15,1195,888,11/18/2016 0:00,0.609009,0:12:53,0:14:54,0:02:01,pos,13.53467562
15,1195,888,12/2/2016 0:00,0.6261,0:12:53,0:12:35,0:00:18,neg,2.38410596
15,1195,888,12/7/2016 0:00,0.628499,0:12:53,0:15:54,0:03:01,pos,18.97274633
15,1195,888,12/9/2016 0:00,0.618421,0:12:53,0:14:04,0:01:11,pos,8.412322275
15,1195,888,9/23/2017 0:00,0.611195,0:12:53,0:14:02,0:01:09,pos,8.194774347
15,1195,888,10/10/2017 0:00,0.623762,0:12:53,0:12:49,0:00:04,neg,0.5201560468
15,1195,888,10/28/2017 0:00,0.628049,0:12:53,0:13:19,0:00:26,pos,3.254067584
15,1195,888,1/5/2018 0:00,0.626263,0:12:53,0:16:24,0:03:31,pos,21.44308943
15,1195,888,1/6/2018 0:00,0.615297,0:12:53,0:15:11,0:02:18,pos,15.1481888
15,1195,888,1/8/2018 0:00,0.523585,0:12:53,0:14:36,0:01:43,pos,11.75799087
15,1195,888,1/9/2018 0:00,0.602317,0:12:53,0:14:31,0:01:38,pos,11.25143513
15,1195,888,1/10/2018 0:00,0.62341,0:12:53,0:11:59,0:00:54,neg,7.510431154
15,1195,888,1/11/2018 0:00,0.594488,0:12:53,0:12:32,0:00:21,neg,2.792553191
15,1195,888,1/12/2018 0:00,0.614973,0:12:53,0:13:40,0:00:47,pos,5.731707317
22,512,888,5/14/2016 0:00,0.661812,0:22:45,0:33:09,0:10:24,pos,31.37254902
22,512,888,5/25/2016 0:00,0.657935,0:22:45,0:21:07,0:01:38,neg,7.73480663
22,512,888,7/1/2016 0:00,0.651748,0:22:45,0:19:35,0:03:10,neg,16.17021277
22,512,888,7/2/2016 0:00,0.657588,0:22:45,0:16:59,0:05:46,neg,33.9548577
22,512,888,7/6/2016 0:00,0.635688,0:22:45,0:24:30,0:01:45,pos,7.142857143
22,512,888,7/8/2016 0:00,0.634783,0:22:45,0:16:30,0:06:15,neg,37.87878788
22,512,888,8/19/2016 0:00,0.635112,0:22:45,0:22:21,0:00:24,neg,1.789709172
22,512,888,8/20/2016 0:00,0.653631,0:22:45,0:21:37,0:01:08,neg,5.242868157
22,512,888,8/26/2016 0:00,0.625,0:22:45,0:21:16,0:01:29,neg,6.97492163
22,512,888,8/27/2016 0:00,0.646643,0:22:45,0:18:33,0:04:12,neg,22.64150943
22,512,888,9/1/2016 0:00,0.660626,0:22:45,0:21:07,0:01:38,neg,7.73480663
22,512,888,9/8/2016 0:00,0.643892,0:22:45,0:17:52,0:04:53,neg,27.33208955
22,512,888,9/14/2016 0:00,0.649038,0:22:45,0:20:36,0:02:09,neg,10.4368932
22,512,888,9/19/2016 0:00,0.654941,0:22:45,0:23:14,0:00:29,pos,2.080344333
22,512,888,9/28/2016 0:00,0.651603,0:22:45,0:19:11,0:03:34,neg,18.59252824
22,512,888,11/8/2016 0:00,0.653144,0:22:45,0:20:34,0:02:11,neg,10.61588331
22,512,888,12/6/2016 0:00,0.638983,0:22:45,0:20:23,0:02:22,neg,11.61079313
22,512,888,2/14/2017 0:00,0.604124,0:22:45,0:31:56,0:09:11,pos,28.75782881
22,512,888,2/15/2017 0:00,0.654741,0:22:45,0:26:08,0:03:23,pos,12.94642857
22,512,888,5/3/2017 0:00,0.662142,0:22:45,0:17:27,0:05:18,neg,30.37249284
22,512,888,7/7/2017 0:00,0.63365,0:22:45,0:18:13,0:04:32,neg,24.88563586
22,512,888,11/3/2017 0:00,0.647913,0:22:45,0:29:54,0:07:09,pos,23.91304348
22,512,888,1/8/2018 0:00,0.627494,0:22:45,0:23:53,0:01:08,pos,4.745289602
22,512,888,1/9/2018 0:00,0.641509,0:22:45,0:26:12,0:03:27,pos,13.16793893
22,888,512,5/14/2016 0:00,0.661812,0:21:04,0:33:09,0:12:05,pos,36.45047763
22,888,512,5/25/2016 0:00,0.657935,0:21:04,0:21:07,0:00:03,pos,0.2367797948
22,888,512,7/1/2016 0:00,0.651748,0:21:04,0:19:35,0:01:29,neg,7.574468085
22,888,512,7/2/2016 0:00,0.657588,0:21:04,0:16:59,0:04:05,neg,24.04317959
22,888,512,7/6/2016 0:00,0.635688,0:21:04,0:24:30,0:03:26,pos,14.01360544
22,888,512,7/8/2016 0:00,0.634783,0:21:04,0:16:30,0:04:34,neg,27.67676768
22,888,512,8/19/2016 0:00,0.635112,0:21:04,0:22:21,0:01:17,pos,5.741983594
22,888,512,8/20/2016 0:00,0.653631,0:21:04,0:21:37,0:00:33,pos,2.544333076
22,888,512,8/26/2016 0:00,0.625,0:21:04,0:21:16,0:00:12,pos,0.9404388715
22,888,512,8/27/2016 0:00,0.646643,0:21:04,0:18:33,0:02:31,neg,13.56693621
22,888,512,9/1/2016 0:00,0.660626,0:21:04,0:21:07,0:00:03,pos,0.2367797948
22,888,512,9/8/2016 0:00,0.643892,0:21:04,0:17:52,0:03:12,neg,17.91044776
22,888,512,9/14/2016 0:00,0.649038,0:21:04,0:20:36,0:00:28,neg,2.265372168
22,888,512,9/19/2016 0:00,0.654941,0:21:04,0:23:14,0:02:10,pos,9.325681492
22,888,512,9/28/2016 0:00,0.651603,0:21:04,0:22:51,0:01:47,pos,7.804522247
22,888,512,11/8/2016 0:00,0.653144,0:21:04,0:20:34,0:00:30,neg,2.431118314
22,888,512,12/6/2016 0:00,0.638983,0:21:04,0:20:23,0:00:41,neg,3.352412101
22,888,512,2/14/2017 0:00,0.604124,0:21:04,0:31:56,0:10:52,pos,34.02922756
22,888,512,2/15/2017 0:00,0.654741,0:21:04,0:30:10,0:09:06,pos,30.16574586
22,888,512,5/3/2017 0:00,0.662142,0:21:04,0:17:27,0:03:37,neg,20.72588348
22,888,512,7/7/2017 0:00,0.63365,0:21:04,0:18:13,0:02:51,neg,15.64501372
22,888,512,11/3/2017 0:00,0.647913,0:21:04,0:29:54,0:08:50,pos,29.54292085
22,888,512,1/8/2018 0:00,0.627494,0:21:04,0:23:53,0:02:49,pos,11.79344033
22,888,512,1/9/2018 0:00,0.641509,0:21:04,0:27:40,0:06:36,pos,23.85542169
23,512,888,4/10/2016 0:00,0.621395,0:22:46,0:22:13,0:00:33,neg,2.475618905
23,512,888,7/1/2016 0:00,0.650399,0:22:46,0:23:53,0:01:07,pos,4.675505932
23,512,888,7/29/2016 0:00,0.650756,0:22:46,0:25:38,0:02:52,pos,11.18335501
23,512,888,8/14/2016 0:00,0.646916,0:22:46,0:23:51,0:01:05,pos,4.542278127
23,512,888,8/26/2016 0:00,0.634438,0:22:46,0:25:40,0:02:54,pos,11.2987013
23,512,888,10/7/2016 0:00,0.655725,0:22:46,0:19:03,0:03:43,neg,19.51006124
23,512,888,10/28/2016 0:00,0.644737,0:22:46,0:26:55,0:04:09,pos,15.41795666
23,512,888,2/12/2017 0:00,0.64944,0:22:46,0:22:49,0:00:03,pos,0.219138057
23,512,888,3/16/2017 0:00,0.63591,0:22:46,0:29:14,0:06:28,pos,22.12086659
23,512,888,4/2/2017 0:00,0.642857,0:22:46,0:23:57,0:01:11,pos,4.940848991
23,512,888,5/20/2017 0:00,0.629651,0:22:46,0:26:46,0:04:00,pos,14.94396015
23,512,888,5/27/2017 0:00,0.651626,0:22:46,0:23:03,0:00:17,pos,1.229211858
23,512,888,6/11/2017 0:00,0.656863,0:22:46,0:21:30,0:01:16,neg,5.891472868
23,512,888,6/14/2017 0:00,0.639165,0:22:46,0:25:00,0:02:14,pos,8.933333333
23,512,888,6/30/2017 0:00,0.640528,0:22:46,0:25:59,0:03:13,pos,12.3797306
23,512,888,7/4/2017 0:00,0.632166,0:22:46,0:19:18,0:03:28,neg,17.96200345
23,512,888,8/31/2017 0:00,0.632391,0:22:46,0:28:02,0:05:16,pos,18.78715815
23,512,888,10/1/2017 0:00,0.631238,0:22:46,0:24:56,0:02:10,pos,8.689839572
23,512,888,10/28/2017 0:00,0.640467,0:22:46,0:23:16,0:00:30,pos,2.148997135
23,512,888,11/2/2017 0:00,0.657492,0:22:46,0:17:19,0:05:27,neg,31.47256978
23,512,888,11/4/2017 0:00,0.654618,0:22:46,0:19:55,0:02:51,neg,14.30962343
23,512,888,1/8/2018 0:00,0.63311,0:22:46,0:18:33,0:04:13,neg,22.73135669
23,888,512,4/10/2016 0:00,0.621395,0:21:04,0:18:58,0:02:06,neg,11.07205624
23,888,512,7/1/2016 0:00,0.650399,0:21:04,0:19:35,0:01:29,neg,7.574468085
23,888,512,7/29/2016 0:00,0.650756,0:21:04,0:21:40,0:00:36,pos,2.769230769
23,888,512,8/14/2016 0:00,0.646916,0:21:04,0:19:51,0:01:13,neg,6.129303107
23,888,512,8/26/2016 0:00,0.634438,0:21:04,0:21:16,0:00:12,pos,0.9404388715
23,888,512,10/7/2016 0:00,0.655725,0:21:04,0:26:23,0:05:19,pos,20.15161087
23,888,512,10/28/2016 0:00,0.644737,0:21:04,0:21:06,0:00:02,pos,0.1579778831
23,888,512,2/12/2017 0:00,0.64944,0:21:04,0:31:36,0:10:32,pos,33.33333333
23,888,512,3/16/2017 0:00,0.63591,0:21:04,0:22:51,0:01:47,pos,7.804522247
23,888,512,4/2/2017 0:00,0.642857,0:21:04,0:19:38,0:01:26,neg,7.300509338
23,888,512,5/20/2017 0:00,0.629651,0:21:04,0:22:34,0:01:30,pos,6.646971935
23,888,512,5/27/2017 0:00,0.651626,0:21:04,0:20:43,0:00:21,neg,1.689460981
23,888,512,6/11/2017 0:00,0.656863,0:21:04,0:23:51,0:02:47,pos,11.67016073
23,888,512,6/14/2017 0:00,0.639165,0:21:04,0:24:24,0:03:20,pos,13.66120219
23,888,512,6/30/2017 0:00,0.640528,0:21:04,0:21:36,0:00:32,pos,2.469135802
23,888,512,7/4/2017 0:00,0.632166,0:21:04,0:25:23,0:04:19,pos,17.00590939
23,888,512,8/31/2017 0:00,0.632391,0:21:04,0:25:02,0:03:58,pos,15.84553928
23,888,512,10/1/2017 0:00,0.631238,0:21:04,0:21:59,0:00:55,pos,4.169825625
23,888,512,10/28/2017 0:00,0.640467,0:21:04,0:20:58,0:00:06,neg,0.4769475358
23,888,512,11/2/2017 0:00,0.657492,0:21:04,0:26:55,0:05:51,pos,21.73374613
23,888,512,11/4/2017 0:00,0.654618,0:21:04,0:19:26,0:01:38,neg,8.404802744
23,888,512,1/8/2018 0:00,0.63311,0:21:04,0:23:53,0:02:49,pos,11.79344033
28,249,888,4/15/2016 0:00,0.654712,0:21:51,0:23:07,0:01:16,pos,5.479452055
28,249,888,6/3/2016 0:00,0.653905,0:21:51,0:27:30,0:05:39,pos,20.54545455
28,249,888,6/8/2016 0:00,0.652275,0:21:51,0:30:58,0:09:07,pos,29.44025834
28,249,888,6/9/2016 0:00,0.655254,0:21:51,0:26:16,0:04:25,pos,16.81472081
28,249,888,8/18/2016 0:00,0.653078,0:21:51,0:24:05,0:02:14,pos,9.273356401
28,249,888,9/20/2016 0:00,0.632873,0:21:51,0:25:46,0:03:55,pos,15.20051746
28,249,888,9/21/2016 0:00,0.641686,0:21:51,0:18:07,0:03:44,neg,20.60717571
28,249,888,9/30/2016 0:00,0.650396,0:21:51,0:27:29,0:05:38,pos,20.49727107
28,249,888,11/1/2016 0:00,0.646985,0:21:51,0:23:49,0:01:58,pos,8.257522743
28,249,888,11/3/2016 0:00,0.649877,0:21:51,0:26:52,0:05:01,pos,18.67245658
28,249,888,11/4/2016 0:00,0.64752,0:21:51,0:24:56,0:03:05,pos,12.36631016
28,249,888,1/10/2017 0:00,0.646177,0:21:51,0:28:20,0:06:29,pos,22.88235294
28,249,888,1/25/2017 0:00,0.633333,0:21:51,0:27:56,0:06:05,pos,21.77804296
28,249,888,2/8/2017 0:00,0.610698,0:21:51,0:28:56,0:07:05,pos,24.48156682
28,249,888,2/15/2017 0:00,0.628297,0:21:51,0:29:58,0:08:07,pos,27.08565072
28,249,888,3/16/2017 0:00,0.643072,0:21:51,0:29:46,0:07:55,pos,26.59574468
28,249,888,3/21/2017 0:00,0.642612,0:21:51,0:26:17,0:04:26,pos,16.86746988
28,249,888,4/11/2017 0:00,0.653137,0:21:51,0:28:39,0:06:48,pos,23.73472949
28,249,888,5/17/2017 0:00,0.655172,0:21:51,0:29:14,0:07:23,pos,25.25655644
28,249,888,10/19/2017 0:00,0.642061,0:21:51,0:27:17,0:05:26,pos,19.9144777
28,249,888,10/24/2017 0:00,0.643098,0:21:51,0:29:11,0:07:20,pos,25.128498
28,249,888,12/1/2017 0:00,0.645933,0:21:51,0:20:17,0:01:34,neg,7.723911257
28,249,888,1/8/2018 0:00,0.598891,0:21:51,0:37:56,0:16:05,pos,42.39894552
28,249,888,1/10/2018 0:00,0.65099,0:21:51,0:32:18,0:10:27,pos,32.35294118
28,888,249,4/15/2016 0:00,0.654712,0:20:10,0:20:54,0:00:44,pos,3.50877193
28,888,249,6/3/2016 0:00,0.653905,0:20:10,0:24:15,0:04:05,pos,16.83848797
28,888,249,6/8/2016 0:00,0.652275,0:20:10,0:29:11,0:09:01,pos,30.8966305
28,888,249,6/9/2016 0:00,0.655254,0:20:10,0:27:45,0:07:35,pos,27.32732733
28,888,249,8/18/2016 0:00,0.653078,0:20:10,0:23:46,0:03:36,pos,15.14726508
28,888,249,9/20/2016 0:00,0.632873,0:20:10,0:26:17,0:06:07,pos,23.27203551
28,888,249,9/21/2016 0:00,0.641686,0:20:10,0:24:21,0:04:11,pos,17.18001369
28,888,249,9/30/2016 0:00,0.650396,0:20:10,0:24:45,0:04:35,pos,18.51851852
28,888,249,11/1/2016 0:00,0.646985,0:20:10,0:25:39,0:05:29,pos,21.37751787
28,888,249,11/3/2016 0:00,0.649877,0:20:10,0:21:28,0:01:18,pos,6.055900621
28,888,249,11/4/2016 0:00,0.64752,0:20:10,0:18:29,0:01:41,neg,9.107303877
28,888,249,1/10/2017 0:00,0.646177,0:20:10,0:23:55,0:03:45,pos,15.67944251
28,888,249,1/25/2017 0:00,0.633333,0:20:10,0:25:26,0:05:16,pos,20.70773263
28,888,249,2/8/2017 0:00,0.610698,0:20:10,0:25:56,0:05:46,pos,22.23650386
28,888,249,2/15/2017 0:00,0.628297,0:20:10,0:29:57,0:09:47,pos,32.6655537
28,888,249,3/16/2017 0:00,0.643072,0:20:10,0:22:58,0:02:48,pos,12.191582
28,888,249,3/21/2017 0:00,0.642612,0:20:10,0:21:33,0:01:23,pos,6.419180201
28,888,249,4/11/2017 0:00,0.653137,0:20:10,0:25:27,0:05:17,pos,20.75965946
28,888,249,10/19/2017 0:00,0.642061,0:20:10,0:26:16,0:06:06,pos,23.22335025
28,888,249,10/24/2017 0:00,0.643098,0:20:10,0:26:34,0:06:24,pos,24.09033877
28,888,249,12/1/2017 0:00,0.645933,0:20:10,0:26:03,0:05:53,pos,22.58477287
28,888,249,1/8/2018 0:00,0.598891,0:20:10,0:33:17,0:13:07,pos,39.40911367
28,888,249,1/10/2018 0:00,0.65099,0:20:10,0:25:38,0:05:28,pos,21.32639792
32,525,875,6/10/2017 0:00,0.695602,0:14:09,0:15:05,0:00:56,pos,6.187845304
32,525,875,6/21/2017 0:00,0.697479,0:14:09,0:17:26,0:03:17,pos,18.83365201
32,525,875,7/8/2017 0:00,0.703019,0:14:09,0:13:41,0:00:28,neg,3.41047503
32,525,875,7/17/2017 0:00,0.696296,0:14:09,0:15:49,0:01:40,pos,10.5374078
32,525,875,9/8/2017 0:00,0.704082,0:14:09,0:19:24,0:05:15,pos,27.06185567
32,525,875,9/12/2017 0:00,0.679654,0:14:09,0:19:20,0:05:11,pos,26.81034483
32,525,875,9/15/2017 0:00,0.673721,0:14:09,0:17:02,0:02:53,pos,16.92759295
32,525,875,10/26/2017 0:00,0.686441,0:14:09,0:17:12,0:03:03,pos,17.73255814
32,525,875,11/3/2017 0:00,0.697011,0:14:09,0:18:00,0:03:51,pos,21.38888889
32,525,875,11/21/2017 0:00,0.703166,0:14:09,0:18:47,0:04:38,pos,24.66725821
32,525,875,11/29/2017 0:00,0.692412,0:14:09,0:15:59,0:01:50,pos,11.47028154
32,525,875,12/1/2017 0:00,0.691578,0:14:09,0:13:16,0:00:53,neg,6.658291457
32,525,875,12/5/2017 0:00,0.68328,0:14:09,0:17:14,0:03:05,pos,17.89168279
32,525,875,12/8/2017 0:00,0.684129,0:14:09,0:19:01,0:04:52,pos,25.59158633
32,525,875,1/8/2018 0:00,0.645714,0:14:09,0:22:46,0:08:37,pos,37.8477306
32,525,875,1/9/2018 0:00,0.660279,0:14:09,0:23:19,0:09:10,pos,39.31379557
32,525,875,1/11/2018 0:00,0.686767,0:14:09,0:17:24,0:03:15,pos,18.67816092
32,525,875,1/12/2018 0:00,0.669342,0:14:09,0:16:26,0:02:17,pos,13.89452333
32,525,875,1/21/2018 0:00,0.702256,0:14:09,0:12:46,0:01:23,neg,10.83550914
32,525,875,2/14/2018 0:00,0.698502,0:14:09,0:17:00,0:02:51,pos,16.76470588
32,875,525,6/10/2017 0:00,0.695602,0:12:24,0:13:15,0:00:51,pos,6.41509434
32,875,525,6/21/2017 0:00,0.697479,0:12:24,0:12:33,0:00:09,pos,1.195219124
32,875,525,7/8/2017 0:00,0.703019,0:12:24,0:12:13,0:00:11,neg,1.500682128
32,875,525,7/17/2017 0:00,0.696296,0:12:24,0:12:58,0:00:34,pos,4.370179949
32,875,525,9/8/2017 0:00,0.704082,0:12:24,0:18:20,0:05:56,pos,32.36363636
32,875,525,9/12/2017 0:00,0.679654,0:12:24,0:15:05,0:02:41,pos,17.79005525
32,875,525,9/15/2017 0:00,0.673721,0:12:24,0:18:31,0:06:07,pos,33.03330333
32,875,525,10/26/2017 0:00,0.686441,0:12:24,0:16:03,0:03:39,pos,22.74143302
32,875,525,11/3/2017 0:00,0.697011,0:12:24,0:17:35,0:05:11,pos,29.47867299
32,875,525,11/21/2017 0:00,0.703166,0:12:24,0:14:42,0:02:18,pos,15.6462585
32,875,525,11/29/2017 0:00,0.692412,0:12:24,0:12:10,0:00:14,neg,1.917808219
32,875,525,12/1/2017 0:00,0.691578,0:12:24,0:14:10,0:01:46,pos,12.47058824
32,875,525,12/5/2017 0:00,0.68328,0:12:24,0:13:05,0:00:41,pos,5.222929936
32,875,525,12/8/2017 0:00,0.684129,0:12:24,0:15:45,0:03:21,pos,21.26984127
32,875,525,1/8/2018 0:00,0.645714,0:12:24,0:16:14,0:03:50,pos,23.61396304
32,875,525,1/9/2018 0:00,0.660279,0:12:24,0:17:02,0:04:38,pos,27.20156556
32,875,525,1/11/2018 0:00,0.686767,0:12:24,0:13:28,0:01:04,pos,7.920792079
32,875,525,1/12/2018 0:00,0.669342,0:12:24,0:18:44,0:06:20,pos,33.80782918
32,875,525,1/21/2018 0:00,0.702256,0:12:24,0:11:59,0:00:25,neg,3.47705146
32,875,525,2/14/2018 0:00,0.698502,0:12:24,0:19:19,0:06:55,pos,35.80672994
39,525,1116,10/21/2016 0:00,0.687826,0:35:45,0:41:38,0:05:53,pos,14.13130504
39,525,1116,12/17/2016 0:00,0.695394,0:35:45,0:31:35,0:04:10,neg,13.19261214
39,525,1116,2/11/2017 0:00,0.676904,0:35:45,0:34:32,0:01:13,neg,3.523166023
39,525,1116,10/3/2017 0:00,0.678147,0:35:45,0:41:33,0:05:48,pos,13.95908544
39,525,1116,10/13/2017 0:00,0.695986,0:35:45,0:32:53,0:02:52,neg,8.717688799
39,525,1116,10/21/2017 0:00,0.669388,0:35:45,0:44:24,0:08:39,pos,19.48198198
39,525,1116,10/29/2017 0:00,0.678023,0:35:45,0:27:41,0:08:04,neg,29.13907285
39,525,1116,11/18/2017 0:00,0.676094,0:35:45,0:34:26,0:01:19,neg,3.823814134
39,525,1116,12/9/2017 0:00,0.688673,0:35:45,0:30:14,0:05:31,neg,18.24696803
39,525,1116,12/15/2017 0:00,0.67234,0:35:45,0:29:24,0:06:21,neg,21.59863946
39,525,1116,1/3/2018 0:00,0.68407,0:35:45,0:35:16,0:00:29,neg,1.370510397
39,525,1116,1/18/2018 0:00,0.682243,0:35:45,0:43:52,0:08:07,pos,18.50303951
39,525,1116,2/10/2018 0:00,0.686587,0:35:45,0:38:54,0:03:09,pos,8.097686375
39,1116,525,12/17/2016 0:00,0.695394,0:31:17,0:27:25,0:03:52,neg,14.10334347
39,1116,525,2/11/2017 0:00,0.676904,0:31:17,0:31:29,0:00:12,pos,0.6352567496
39,1116,525,10/3/2017 0:00,0.678147,0:31:17,0:32:27,0:01:10,pos,3.595274782
39,1116,525,10/13/2017 0:00,0.695986,0:31:17,0:35:25,0:04:08,pos,11.67058824
39,1116,525,10/21/2017 0:00,0.669388,0:31:17,0:30:26,0:00:51,neg,2.792990142
39,1116,525,10/29/2017 0:00,0.678023,0:31:17,0:28:14,0:03:03,neg,10.80283353
39,1116,525,11/18/2017 0:00,0.676094,0:31:17,0:32:25,0:01:08,pos,3.496143959
39,1116,525,12/9/2017 0:00,0.688673,0:31:17,0:28:59,0:02:18,neg,7.93559517
39,1116,525,12/15/2017 0:00,0.67234,0:31:17,0:32:21,0:01:04,pos,3.297269449
39,1116,525,1/3/2018 0:00,0.68407,0:31:17,0:27:55,0:03:22,neg,12.05970149
39,1116,525,1/18/2018 0:00,0.682243,0:31:17,0:24:59,0:06:18,neg,25.21681121
57,810,1116,3/1/2016 0:00,0.672253,0:21:04,0:19:13,0:01:51,neg,9.627059844
57,810,1116,4/6/2016 0:00,0.665362,0:21:04,0:24:15,0:03:11,pos,13.12714777
57,810,1116,5/9/2016 0:00,0.687259,0:21:04,0:24:22,0:03:18,pos,13.54309166
57,810,1116,5/13/2016 0:00,0.655582,0:21:04,0:26:55,0:05:51,pos,21.73374613
57,810,1116,6/1/2016 0:00,0.669565,0:21:04,0:18:26,0:02:38,neg,14.28571429
57,810,1116,6/7/2016 0:00,0.666667,0:21:04,0:18:20,0:02:44,neg,14.90909091
57,810,1116,6/14/2016 0:00,0.686722,0:21:04,0:23:56,0:02:52,pos,11.97771588
57,810,1116,6/23/2016 0:00,0.669903,0:21:04,0:28:37,0:07:33,pos,26.38322656
57,810,1116,7/22/2016 0:00,0.684543,0:21:04,0:21:18,0:00:14,pos,1.095461659
57,810,1116,8/5/2016 0:00,0.682667,0:21:04,0:20:37,0:00:27,neg,2.182700081
57,810,1116,9/1/2016 0:00,0.676867,0:21:04,0:24:55,0:03:51,pos,15.45150502
57,810,1116,9/16/2016 0:00,0.683575,0:21:04,0:18:06,0:02:58,neg,16.39042357
57,810,1116,10/5/2016 0:00,0.650924,0:21:04,0:30:07,0:09:03,pos,30.04980631
57,810,1116,11/21/2016 0:00,0.677647,0:21:04,0:24:39,0:03:35,pos,14.53684922
57,810,1116,12/5/2016 0:00,0.687179,0:21:04,0:23:54,0:02:50,pos,11.85495119
57,810,1116,6/13/2017 0:00,0.679739,0:21:04,0:28:52,0:07:48,pos,27.02078522
57,810,1116,7/27/2017 0:00,0.637795,0:21:04,0:28:16,0:07:12,pos,25.47169811
57,810,1116,7/28/2017 0:00,0.662621,0:21:04,0:26:35,0:05:31,pos,20.7523511
57,810,1116,8/31/2017 0:00,0.682474,0:21:04,0:20:16,0:00:48,neg,3.947368421
57,810,1116,9/1/2017 0:00,0.674797,0:21:04,0:16:34,0:04:30,neg,27.16297787
57,810,1116,10/24/2017 0:00,0.646939,0:21:04,0:22:19,0:01:15,pos,5.601194922
57,810,1116,11/29/2017 0:00,0.644231,0:21:04,0:23:30,0:02:26,pos,10.35460993
57,810,1116,12/1/2017 0:00,0.671875,0:21:04,0:20:00,0:01:04,neg,5.333333333
57,810,1116,1/8/2018 0:00,0.672365,0:21:04,0:35:08,0:14:04,pos,40.03795066
57,1116,810,3/1/2016 0:00,0.672253,0:18:16,0:14:42,0:03:34,neg,24.26303855
57,1116,810,4/6/2016 0:00,0.665362,0:18:16,0:19:09,0:00:53,pos,4.612706701
57,1116,810,5/9/2016 0:00,0.687259,0:18:16,0:24:41,0:06:25,pos,25.99594868
57,1116,810,5/13/2016 0:00,0.655582,0:18:16,0:20:55,0:02:39,pos,12.66932271
57,1116,810,6/1/2016 0:00,0.669565,0:18:16,0:24:50,0:06:34,pos,26.44295302
57,1116,810,6/7/2016 0:00,0.666667,0:18:16,0:15:30,0:02:46,neg,17.84946237
57,1116,810,6/14/2016 0:00,0.686722,0:18:16,0:21:23,0:03:07,pos,14.57521434
57,1116,810,6/23/2016 0:00,0.669903,0:18:16,0:20:35,0:02:19,pos,11.25506073
57,1116,810,7/22/2016 0:00,0.684543,0:18:16,0:16:16,0:02:00,neg,12.29508197
57,1116,810,8/5/2016 0:00,0.682667,0:18:16,0:21:58,0:03:42,pos,16.84370258
57,1116,810,9/1/2016 0:00,0.676867,0:18:16,0:15:27,0:02:49,neg,18.23085221
57,1116,810,9/16/2016 0:00,0.683575,0:18:16,0:18:28,0:00:12,pos,1.083032491
57,1116,810,10/5/2016 0:00,0.650924,0:18:16,0:17:36,0:00:40,neg,3.787878788
57,1116,810,11/21/2016 0:00,0.677647,0:18:16,0:17:17,0:00:59,neg,5.68948891
57,1116,810,12/5/2016 0:00,0.687179,0:18:16,0:13:24,0:04:52,neg,36.31840796
57,1116,810,6/13/2017 0:00,0.679739,0:18:16,0:16:31,0:01:45,neg,10.59535822
57,1116,810,7/27/2017 0:00,0.637795,0:18:16,0:21:46,0:03:30,pos,16.07963247
57,1116,810,7/28/2017 0:00,0.662621,0:18:16,0:20:54,0:02:38,pos,12.59968102
57,1116,810,8/31/2017 0:00,0.682474,0:18:16,0:19:44,0:01:28,pos,7.432432432
57,1116,810,9/1/2017 0:00,0.674797,0:18:16,0:17:20,0:00:56,neg,5.384615385
57,1116,810,10/24/2017 0:00,0.646939,0:18:16,0:16:56,0:01:20,neg,7.874015748
57,1116,810,11/29/2017 0:00,0.644231,0:18:16,0:24:17,0:06:01,pos,24.77693892
57,1116,810,12/1/2017 0:00,0.671875,0:18:16,0:19:05,0:00:49,pos,4.279475983
57,1116,810,1/8/2018 0:00,0.672365,0:18:16,0:23:03,0:04:47,pos,20.75198843
66,362,888,7/20/2016 0:00,0.672802,0:21:11,0:29:24,0:08:13,pos,27.9478458
66,362,888,8/10/2016 0:00,0.667712,0:21:11,0:24:57,0:03:46,pos,15.09686039
66,362,888,9/16/2016 0:00,0.655462,0:21:11,0:25:20,0:04:09,pos,16.38157895
66,362,888,9/30/2016 0:00,0.656943,0:21:11,0:28:47,0:07:36,pos,26.40416908
66,362,888,10/5/2016 0:00,0.675869,0:21:11,0:30:03,0:08:52,pos,29.50637826
66,362,888,10/7/2016 0:00,0.666274,0:21:11,0:25:32,0:04:21,pos,17.03655352
66,362,888,10/14/2016 0:00,0.644318,0:21:11,0:25:21,0:04:10,pos,16.4365549
66,362,888,11/4/2016 0:00,0.669919,0:21:11,0:23:19,0:02:08,pos,9.149392423
66,362,888,11/17/2016 0:00,0.67587,0:21:11,0:19:39,0:01:32,neg,7.80322307
66,362,888,11/18/2016 0:00,0.636595,0:21:11,0:18:09,0:03:02,neg,16.71258035
66,362,888,12/2/2016 0:00,0.670843,0:21:11,0:18:11,0:03:00,neg,16.49862511
66,362,888,2/14/2017 0:00,0.675958,0:21:11,0:30:02,0:08:51,pos,29.4672586
66,362,888,2/15/2017 0:00,0.66405,0:21:11,0:25:58,0:04:47,pos,18.42105263
66,362,888,4/28/2017 0:00,0.674112,0:21:11,0:20:59,0:00:12,neg,0.9531374106
66,362,888,5/25/2017 0:00,0.620825,0:21:11,0:32:15,0:11:04,pos,34.31524548
66,362,888,5/26/2017 0:00,0.638554,0:21:11,0:22:30,0:01:19,pos,5.851851852
66,362,888,8/3/2017 0:00,0.674115,0:21:11,0:30:20,0:09:09,pos,30.16483516
66,362,888,8/8/2017 0:00,0.666667,0:21:11,0:23:05,0:01:54,pos,8.231046931
66,362,888,8/31/2017 0:00,0.665899,0:21:11,0:20:07,0:01:04,neg,5.302402651
66,362,888,9/8/2017 0:00,0.667079,0:21:11,0:27:11,0:06:00,pos,22.07234825
66,362,888,9/29/2017 0:00,0.661814,0:21:11,0:26:28,0:05:17,pos,19.96221662
66,362,888,10/8/2017 0:00,0.646192,0:21:11,0:18:45,0:02:26,neg,12.97777778
66,362,888,10/18/2017 0:00,0.635891,0:21:11,0:29:41,0:08:30,pos,28.63559798
66,362,888,10/25/2017 0:00,0.667737,0:21:11,0:28:51,0:07:40,pos,26.57423455
66,888,362,7/20/2016 0:00,0.672802,0:19:15,0:25:13,0:05:58,pos,23.66159947
66,888,362,8/10/2016 0:00,0.667712,0:19:15,0:18:03,0:01:12,neg,6.648199446
66,888,362,9/16/2016 0:00,0.655462,0:19:15,0:20:29,0:01:14,pos,6.021155411
66,888,362,9/30/2016 0:00,0.656943,0:19:15,0:26:14,0:06:59,pos,26.62007624
66,888,362,10/5/2016 0:00,0.675869,0:19:15,0:25:50,0:06:35,pos,25.48387097
66,888,362,10/7/2016 0:00,0.666274,0:19:15,0:25:56,0:06:41,pos,25.77120823
66,888,362,10/14/2016 0:00,0.644318,0:19:15,0:25:41,0:06:26,pos,25.0486697
66,888,362,11/4/2016 0:00,0.669919,0:19:15,0:17:43,0:01:32,neg,8.654750706
66,888,362,11/17/2016 0:00,0.67587,0:19:15,0:21:19,0:02:04,pos,9.695074277
66,888,362,11/18/2016 0:00,0.636595,0:19:15,0:18:46,0:00:29,neg,2.575488455
66,888,362,12/2/2016 0:00,0.670843,0:19:15,0:21:03,0:01:48,pos,8.551068884
66,888,362,2/14/2017 0:00,0.675958,0:19:15,0:21:06,0:01:51,pos,8.767772512
66,888,362,2/15/2017 0:00,0.66405,0:19:15,0:23:19,0:04:04,pos,17.44102931
66,888,362,4/28/2017 0:00,0.674112,0:19:15,0:21:19,0:02:04,pos,9.695074277
66,888,362,5/25/2017 0:00,0.620825,0:19:15,0:25:40,0:06:25,pos,25
66,888,362,5/26/2017 0:00,0.638554,0:19:15,0:26:41,0:07:26,pos,27.85758901
66,888,362,8/3/2017 0:00,0.674115,0:19:15,0:24:59,0:05:44,pos,22.94863242
66,888,362,8/8/2017 0:00,0.666667,0:19:15,0:22:32,0:03:17,pos,14.57100592
66,888,362,8/31/2017 0:00,0.665899,0:19:15,0:20:48,0:01:33,pos,7.451923077
66,888,362,9/8/2017 0:00,0.667079,0:19:15,0:19:04,0:00:11,neg,0.9615384615
66,888,362,9/29/2017 0:00,0.661814,0:19:15,0:21:40,0:02:25,pos,11.15384615
66,888,362,10/8/2017 0:00,0.646192,0:19:15,0:21:27,0:02:12,pos,10.25641026
66,888,362,10/18/2017 0:00,0.635891,0:19:15,0:22:09,0:02:54,pos,13.09255079
66,888,362,10/25/2017 0:00,0.667737,0:19:15,0:22:55,0:03:40,pos,16
71,402,1129,3/15/2016 0:00,0.674374,0:16:49,0:16:35,0:00:14,neg,1.407035176
71,402,1129,5/15/2016 0:00,0.679811,0:16:49,0:15:47,0:01:02,neg,6.546990496
71,402,1129,6/12/2016 0:00,0.68189,0:16:49,0:15:31,0:01:18,neg,8.378088077
71,402,1129,8/21/2016 0:00,0.686567,0:16:49,0:16:37,0:00:12,neg,1.203610832
71,402,1129,9/26/2016 0:00,0.680342,0:16:49,0:20:00,0:03:11,pos,15.91666667
71,402,1129,10/17/2016 0:00,0.679785,0:16:49,0:18:48,0:01:59,pos,10.54964539
71,402,1129,11/20/2016 0:00,0.669903,0:16:49,0:18:01,0:01:12,pos,6.660499537
71,402,1129,11/27/2016 0:00,0.66955,0:16:49,0:15:55,0:00:54,neg,5.654450262
71,402,1129,12/2/2016 0:00,0.666667,0:16:49,0:15:10,0:01:39,neg,10.87912088
71,402,1129,12/17/2016 0:00,0.606654,0:16:49,0:13:54,0:02:55,neg,20.98321343
71,402,1129,1/9/2017 0:00,0.666667,0:16:49,0:21:12,0:04:23,pos,20.67610063
71,402,1129,1/13/2017 0:00,0.687023,0:16:49,0:17:43,0:00:54,pos,5.079962371
71,402,1129,2/8/2017 0:00,0.646081,0:16:49,0:25:00,0:08:11,pos,32.73333333
71,402,1129,2/10/2017 0:00,0.676471,0:16:49,0:16:08,0:00:41,neg,4.23553719
71,402,1129,2/12/2017 0:00,0.668874,0:16:49,0:18:54,0:02:05,pos,11.02292769
71,402,1129,2/19/2017 0:00,0.660142,0:16:49,0:18:07,0:01:18,pos,7.175712971
71,402,1129,3/12/2017 0:00,0.666132,0:16:49,0:15:29,0:01:20,neg,8.611410118
71,402,1129,4/29/2017 0:00,0.637149,0:16:49,0:18:31,0:01:42,pos,9.180918092
71,402,1129,4/30/2017 0:00,0.640708,0:16:49,0:20:07,0:03:18,pos,16.4043082
71,402,1129,5/7/2017 0:00,0.646382,0:16:49,0:16:57,0:00:08,pos,0.7866273353
71,402,1129,5/13/2017 0:00,0.681367,0:16:49,0:19:13,0:02:24,pos,12.48915872
71,402,1129,10/8/2017 0:00,0.676636,0:16:49,0:14:36,0:02:13,neg,15.1826484
71,402,1129,10/22/2017 0:00,0.673401,0:16:49,0:16:39,0:00:10,neg,1.001001001
71,402,1129,12/25/2017 0:00,0.690705,0:16:49,0:16:33,0:00:16,neg,1.611278953
71,1129,402,3/15/2016 0:00,0.674374,0:14:44,0:16:32,0:01:48,pos,10.88709677
71,1129,402,5/15/2016 0:00,0.679811,0:14:44,0:16:11,0:01:27,pos,8.959835221
71,1129,402,6/12/2016 0:00,0.68189,0:14:44,0:10:36,0:04:08,neg,38.99371069
71,1129,402,8/21/2016 0:00,0.686567,0:14:44,0:13:54,0:00:50,neg,5.995203837
71,1129,402,9/26/2016 0:00,0.680342,0:14:44,0:16:37,0:01:53,pos,11.33400201
71,1129,402,10/17/2016 0:00,0.679785,0:14:44,0:16:05,0:01:21,pos,8.393782383
71,1129,402,11/20/2016 0:00,0.669903,0:14:44,0:15:44,0:01:00,pos,6.355932203
71,1129,402,11/27/2016 0:00,0.66955,0:14:44,0:12:20,0:02:24,neg,19.45945946
71,1129,402,12/2/2016 0:00,0.666667,0:14:44,0:17:33,0:02:49,pos,16.04938272
71,1129,402,12/17/2016 0:00,0.606654,0:14:44,0:13:53,0:00:51,neg,6.12244898
71,1129,402,1/9/2017 0:00,0.666667,0:14:44,0:14:17,0:00:27,neg,3.150525088
71,1129,402,1/13/2017 0:00,0.687023,0:14:44,0:15:17,0:00:33,pos,3.598691385
71,1129,402,2/8/2017 0:00,0.646081,0:14:44,0:16:32,0:01:48,pos,10.88709677
71,1129,402,2/10/2017 0:00,0.676471,0:14:44,0:17:09,0:02:25,pos,14.09135083
71,1129,402,2/12/2017 0:00,0.668874,0:14:44,0:10:20,0:04:24,neg,42.58064516
71,1129,402,2/19/2017 0:00,0.660142,0:14:44,0:14:21,0:00:23,neg,2.671312427
71,1129,402,3/12/2017 0:00,0.666132,0:14:44,0:16:05,0:01:21,pos,8.393782383
71,1129,402,4/29/2017 0:00,0.637149,0:14:44,0:14:13,0:00:31,neg,3.634232122
71,1129,402,4/30/2017 0:00,0.640708,0:14:44,0:16:26,0:01:42,pos,10.34482759
71,1129,402,5/7/2017 0:00,0.646382,0:14:44,0:17:37,0:02:53,pos,16.36707663
71,1129,402,5/13/2017 0:00,0.681367,0:14:44,0:13:32,0:01:12,neg,8.866995074
71,1129,402,10/8/2017 0:00,0.676636,0:14:44,0:16:35,0:01:51,pos,11.15577889
71,1129,402,10/22/2017 0:00,0.673401,0:14:44,0:14:11,0:00:33,neg,3.877790834
71,1129,402,12/25/2017 0:00,0.690705,0:14:44,0:14:51,0:00:07,pos,0.785634119
73,38,1129,4/3/2016 0:00,0.711221,0:16:10,0:16:02,0:00:08,neg,0.8316008316
73,38,1129,5/15/2016 0:00,0.713154,0:16:10,0:19:12,0:03:02,pos,15.79861111
73,38,1129,10/9/2016 0:00,0.713494,0:16:10,0:19:13,0:03:03,pos,15.8716392
73,38,1129,10/23/2016 0:00,0.672052,0:16:10,0:20:59,0:04:49,pos,22.95472597
73,38,1129,12/31/2016 0:00,0.689773,0:16:10,0:13:19,0:02:51,neg,21.40175219
73,38,1129,1/21/2017 0:00,0.627907,0:16:10,0:16:03,0:00:07,neg,0.7268951194
73,38,1129,2/10/2017 0:00,0.688742,0:16:10,0:22:31,0:06:21,pos,28.20133235
73,38,1129,2/12/2017 0:00,0.671795,0:16:10,0:17:22,0:01:12,pos,6.909788868
73,38,1129,2/14/2017 0:00,0.712838,0:16:10,0:16:06,0:00:04,neg,0.4140786749
73,38,1129,3/5/2017 0:00,0.70798,0:16:10,0:18:01,0:01:51,pos,10.26827012
73,38,1129,4/15/2017 0:00,0.680401,0:16:10,0:14:47,0:01:23,neg,9.357384442
73,38,1129,4/29/2017 0:00,0.682111,0:16:10,0:15:40,0:00:30,neg,3.191489362
73,38,1129,5/7/2017 0:00,0.675987,0:16:10,0:15:37,0:00:33,neg,3.521878335
73,38,1129,5/14/2017 0:00,0.699801,0:16:10,0:17:40,0:01:30,pos,8.490566038
73,38,1129,5/20/2017 0:00,0.701754,0:16:10,0:14:41,0:01:29,neg,10.10215664
73,38,1129,6/18/2017 0:00,0.698962,0:16:10,0:14:06,0:02:04,neg,14.6572104
73,38,1129,6/24/2017 0:00,0.639752,0:16:10,0:15:01,0:01:09,neg,7.658157603
73,38,1129,7/16/2017 0:00,0.708197,0:16:10,0:17:21,0:01:11,pos,6.820365034
73,38,1129,7/30/2017 0:00,0.704867,0:16:10,0:18:18,0:02:08,pos,11.6575592
73,38,1129,8/20/2017 0:00,0.708674,0:16:10,0:14:42,0:01:28,neg,9.977324263
73,38,1129,9/10/2017 0:00,0.711146,0:16:10,0:16:17,0:00:07,pos,0.7164790174
73,38,1129,10/8/2017 0:00,0.700375,0:16:10,0:06:30,0:09:40,neg,148.7179487
73,38,1129,10/22/2017 0:00,0.707447,0:16:10,0:17:12,0:01:02,pos,6.007751938
73,38,1129,1/6/2018 0:00,0.705941,0:16:10,0:15:33,0:00:37,neg,3.965702036
73,1129,38,4/3/2016 0:00,0.711221,0:13:50,0:13:11,0:00:39,neg,4.930467762
73,1129,38,5/15/2016 0:00,0.713154,0:13:50,0:13:56,0:00:06,pos,0.7177033493
73,1129,38,10/9/2016 0:00,0.713494,0:13:50,0:16:07,0:02:17,pos,14.16752844
73,1129,38,10/23/2016 0:00,0.672052,0:13:50,0:12:10,0:01:40,neg,13.69863014
73,1129,38,12/31/2016 0:00,0.689773,0:13:50,0:10:54,0:02:56,neg,26.91131498
73,1129,38,1/21/2017 0:00,0.627907,0:13:50,0:12:45,0:01:05,neg,8.496732026
73,1129,38,2/10/2017 0:00,0.688742,0:13:50,0:19:02,0:05:12,pos,27.32049037
73,1129,38,2/12/2017 0:00,0.671795,0:13:50,0:11:19,0:02:31,neg,22.23858616
73,1129,38,2/14/2017 0:00,0.712838,0:13:50,0:13:42,0:00:08,neg,0.9732360097
73,1129,38,3/5/2017 0:00,0.70798,0:13:50,0:12:35,0:01:15,neg,9.933774834
73,1129,38,4/15/2017 0:00,0.680401,0:13:50,0:13:31,0:00:19,neg,2.342786683
73,1129,38,4/29/2017 0:00,0.682111,0:13:50,0:12:59,0:00:51,neg,6.546854942
73,1129,38,5/7/2017 0:00,0.675987,0:13:50,0:16:44,0:02:54,pos,17.33067729
73,1129,38,5/14/2017 0:00,0.699801,0:13:50,0:11:26,0:02:24,neg,20.99125364
73,1129,38,5/20/2017 0:00,0.701754,0:13:50,0:16:05,0:02:15,pos,13.98963731
73,1129,38,6/18/2017 0:00,0.698962,0:13:50,0:12:47,0:01:03,neg,8.213820078
73,1129,38,6/24/2017 0:00,0.639752,0:13:50,0:11:57,0:01:53,neg,15.76011158
73,1129,38,7/16/2017 0:00,0.708197,0:13:50,0:13:08,0:00:42,neg,5.329949239
73,1129,38,7/30/2017 0:00,0.704867,0:13:50,0:11:37,0:02:13,neg,19.08177905
73,1129,38,8/20/2017 0:00,0.708674,0:13:50,0:12:54,0:00:56,neg,7.235142119
73,1129,38,9/10/2017 0:00,0.711146,0:13:50,0:13:05,0:00:45,neg,5.732484076
73,1129,38,10/8/2017 0:00,0.700375,0:13:50,0:12:32,0:01:18,neg,10.37234043
73,1129,38,10/22/2017 0:00,0.707447,0:13:50,0:12:13,0:01:37,neg,13.23328786
73,1129,38,1/6/2018 0:00,0.705941,0:13:50,0:17:41,0:03:51,pos,21.77191329
77,1129,1238,6/1/2016 0:00,0.676923,0:13:40,0:11:04,0:02:36,neg,23.4939759
77,1129,1238,6/9/2016 0:00,0.662069,0:13:40,0:13:45,0:00:05,pos,0.6060606061
77,1129,1238,7/19/2016 0:00,0.670792,0:13:40,0:16:52,0:03:12,pos,18.97233202
77,1129,1238,9/13/2016 0:00,0.678138,0:13:40,0:14:28,0:00:48,pos,5.529953917
77,1129,1238,9/14/2016 0:00,0.666667,0:13:40,0:13:21,0:00:19,neg,2.372034956
77,1129,1238,9/20/2016 0:00,0.644689,0:13:40,0:14:13,0:00:33,pos,3.86869871
77,1129,1238,9/23/2016 0:00,0.680365,0:13:40,0:14:07,0:00:27,pos,3.18772137
77,1129,1238,10/24/2016 0:00,0.663202,0:13:40,0:16:49,0:03:09,pos,18.73141724
77,1129,1238,11/9/2016 0:00,0.669027,0:13:40,0:15:50,0:02:10,pos,13.68421053
77,1129,1238,11/22/2016 0:00,0.675624,0:13:40,0:12:33,0:01:07,neg,8.897742364
77,1129,1238,12/7/2016 0:00,0.683305,0:13:40,0:18:55,0:05:15,pos,27.75330396
77,1129,1238,12/14/2016 0:00,0.680328,0:13:40,0:11:30,0:02:10,neg,18.84057971
77,1129,1238,1/10/2017 0:00,0.663383,0:13:40,0:14:43,0:01:03,pos,7.134767837
77,1129,1238,2/8/2017 0:00,0.64,0:13:40,0:14:31,0:00:51,pos,5.855338691
77,1129,1238,2/11/2017 0:00,0.679966,0:13:40,0:13:10,0:00:30,neg,3.797468354
77,1129,1238,2/12/2017 0:00,0.674661,0:13:40,0:14:27,0:00:47,pos,5.420991926
77,1129,1238,4/13/2017 0:00,0.676157,0:13:40,0:13:28,0:00:12,neg,1.485148515
77,1129,1238,4/29/2017 0:00,0.661723,0:13:40,0:11:50,0:01:50,neg,15.49295775
77,1129,1238,4/30/2017 0:00,0.671196,0:13:40,0:11:45,0:01:55,neg,16.31205674
77,1129,1238,6/4/2017 0:00,0.678335,0:13:40,0:13:13,0:00:27,neg,3.404791929
77,1129,1238,7/31/2017 0:00,0.679466,0:13:40,0:14:58,0:01:18,pos,8.68596882
77,1129,1238,8/1/2017 0:00,0.660656,0:13:40,0:13:45,0:00:05,pos,0.6060606061
77,1129,1238,10/20/2017 0:00,0.675841,0:13:40,0:17:21,0:03:41,pos,21.22958694
77,1129,1238,10/31/2017 0:00,0.669184,0:13:40,0:14:26,0:00:46,pos,5.311778291
77,1129,1238,1/8/2018 0:00,0.641026,0:13:40,0:18:57,0:05:17,pos,27.88038698
77,1238,1129,6/1/2016 0:00,0.676923,0:14:43,0:18:35,0:03:52,pos,20.80717489
77,1238,1129,6/9/2016 0:00,0.662069,0:14:43,0:12:36,0:02:07,neg,16.7989418
77,1238,1129,7/19/2016 0:00,0.670792,0:14:43,0:13:38,0:01:05,neg,7.946210269
77,1238,1129,9/13/2016 0:00,0.678138,0:14:43,0:21:00,0:06:17,pos,29.92063492
77,1238,1129,9/14/2016 0:00,0.666667,0:14:43,0:19:51,0:05:08,pos,25.86062133
77,1238,1129,9/20/2016 0:00,0.644689,0:14:43,0:18:47,0:04:04,pos,21.65039929
77,1238,1129,9/23/2016 0:00,0.680365,0:14:43,0:17:51,0:03:08,pos,17.55368814
77,1238,1129,10/24/2016 0:00,0.663202,0:14:43,0:19:04,0:04:21,pos,22.81468531
77,1238,1129,11/9/2016 0:00,0.669027,0:14:43,0:18:53,0:04:10,pos,22.06531333
77,1238,1129,11/22/2016 0:00,0.675624,0:14:43,0:18:39,0:03:56,pos,21.09025916
77,1238,1129,12/7/2016 0:00,0.683305,0:14:43,0:19:56,0:05:13,pos,26.17056856
77,1238,1129,12/14/2016 0:00,0.680328,0:14:43,0:10:09,0:04:34,neg,44.99178982
77,1238,1129,1/10/2017 0:00,0.663383,0:14:43,0:13:06,0:01:37,neg,12.34096692
77,1238,1129,2/8/2017 0:00,0.64,0:14:43,0:19:49,0:05:06,pos,25.73591253
77,1238,1129,2/11/2017 0:00,0.679966,0:14:43,0:14:44,0:00:01,pos,0.1131221719
77,1238,1129,2/12/2017 0:00,0.674661,0:14:43,0:18:43,0:04:00,pos,21.3713268
77,1238,1129,4/13/2017 0:00,0.676157,0:14:43,0:17:13,0:02:30,pos,14.52081317
77,1238,1129,4/29/2017 0:00,0.661723,0:14:43,0:14:54,0:00:11,pos,1.230425056
77,1238,1129,4/30/2017 0:00,0.671196,0:14:43,0:14:57,0:00:14,pos,1.560758082
77,1238,1129,6/4/2017 0:00,0.678335,0:14:43,0:13:47,0:00:56,neg,6.77146312
77,1238,1129,7/31/2017 0:00,0.679466,0:14:43,0:17:17,0:02:34,pos,14.85053038
77,1238,1129,8/1/2017 0:00,0.660656,0:14:43,0:16:49,0:02:06,pos,12.4876115
77,1238,1129,10/20/2017 0:00,0.675841,0:14:43,0:13:50,0:00:53,neg,6.385542169
77,1238,1129,10/31/2017 0:00,0.669184,0:14:43,0:16:31,0:01:48,pos,10.89808274
77,1238,1129,1/8/2018 0:00,0.641026,0:14:43,0:18:28,0:03:45,pos,20.30685921
100,587,837,4/5/2016 0:00,0.326389,0:07:14,0:08:33,0:01:19,pos,15.39961014
100,587,837,4/11/2016 0:00,0.246479,0:07:14,0:07:58,0:00:44,pos,9.205020921
100,587,837,5/11/2016 0:00,0.262069,0:07:14,0:08:27,0:01:13,pos,14.39842209
100,587,837,5/12/2016 0:00,0.239437,0:07:14,0:07:45,0:00:31,pos,6.666666667
100,587,837,5/23/2016 0:00,0.321678,0:07:14,0:08:19,0:01:05,pos,13.0260521
100,587,837,11/14/2016 0:00,0.274809,0:07:14,0:08:16,0:01:02,pos,12.5
100,587,837,11/17/2016 0:00,0.165517,0:07:14,0:07:17,0:00:03,pos,0.6864988558
100,587,837,11/30/2016 0:00,0.325203,0:07:14,0:09:37,0:02:23,pos,24.78336222
100,587,837,2/14/2017 0:00,0.271429,0:07:14,0:09:41,0:02:27,pos,25.30120482
100,587,837,4/12/2017 0:00,0.180556,0:07:14,0:07:13,0:00:01,neg,0.2309468822
100,587,837,5/16/2017 0:00,0.243056,0:07:14,0:07:55,0:00:41,pos,8.631578947
100,587,837,5/23/2017 0:00,0.327869,0:07:14,0:07:53,0:00:39,pos,8.245243129
100,587,837,5/25/2017 0:00,0.305556,0:07:14,0:07:26,0:00:12,pos,2.69058296
100,587,837,6/15/2017 0:00,0.104478,0:07:14,0:09:37,0:02:23,pos,24.78336222
100,587,837,9/7/2017 0:00,0.228571,0:07:14,0:09:19,0:02:05,pos,22.36135957
100,587,837,9/13/2017 0:00,0.280576,0:07:14,0:08:49,0:01:35,pos,17.9584121
100,587,837,9/20/2017 0:00,0.28972,0:07:14,0:07:21,0:00:07,pos,1.587301587
100,587,837,9/26/2017 0:00,0.284722,0:07:14,0:06:47,0:00:27,neg,6.633906634
100,587,837,10/3/2017 0:00,0.194444,0:07:14,0:08:20,0:01:06,pos,13.2
100,587,837,10/10/2017 0:00,0.290909,0:07:14,0:05:08,0:02:06,neg,40.90909091
100,587,837,10/12/2017 0:00,0.314685,0:07:14,0:06:53,0:00:21,neg,5.084745763
100,587,837,10/18/2017 0:00,0.191489,0:07:14,0:10:52,0:03:38,pos,33.43558282
100,587,837,10/31/2017 0:00,0.173469,0:07:14,0:07:56,0:00:42,pos,8.823529412
100,587,837,11/21/2017 0:00,0.290076,0:07:14,0:07:38,0:00:24,pos,5.240174672
100,587,837,1/9/2018 0:00,0.16129,0:07:14,0:08:38,0:01:24,pos,16.21621622
100,837,587,4/5/2016 0:00,0.326389,0:10:11,0:14:45,0:04:34,pos,30.96045198
100,837,587,4/11/2016 0:00,0.246479,0:10:11,0:11:27,0:01:16,pos,11.06259098
100,837,587,5/11/2016 0:00,0.262069,0:10:11,0:10:03,0:00:08,neg,1.326699834
100,837,587,5/12/2016 0:00,0.239437,0:10:11,0:12:07,0:01:56,pos,15.95598349
100,837,587,5/23/2016 0:00,0.321678,0:10:11,0:10:21,0:00:10,pos,1.610305958
100,837,587,11/14/2016 0:00,0.274809,0:10:11,0:10:59,0:00:48,pos,7.283763278
100,837,587,11/17/2016 0:00,0.165517,0:10:11,0:13:16,0:03:05,pos,23.24120603
100,837,587,11/30/2016 0:00,0.325203,0:10:11,0:11:33,0:01:22,pos,11.83261183
100,837,587,2/14/2017 0:00,0.271429,0:10:11,0:12:14,0:02:03,pos,16.75749319
100,837,587,4/12/2017 0:00,0.180556,0:10:11,0:11:04,0:00:53,pos,7.981927711
100,837,587,5/16/2017 0:00,0.243056,0:10:11,0:10:09,0:00:02,neg,0.328407225
100,837,587,5/23/2017 0:00,0.327869,0:10:11,0:11:30,0:01:19,pos,11.44927536
100,837,587,5/25/2017 0:00,0.305556,0:10:11,0:13:13,0:03:02,pos,22.95081967
100,837,587,6/15/2017 0:00,0.104478,0:10:11,0:12:15,0:02:04,pos,16.8707483
100,837,587,9/7/2017 0:00,0.228571,0:10:11,0:12:22,0:02:11,pos,17.65498652
100,837,587,9/13/2017 0:00,0.280576,0:10:11,0:11:30,0:01:19,pos,11.44927536
100,837,587,9/20/2017 0:00,0.28972,0:10:11,0:15:11,0:05:00,pos,32.93084523
100,837,587,9/26/2017 0:00,0.284722,0:10:11,0:11:17,0:01:06,pos,9.748892171
100,837,587,10/3/2017 0:00,0.194444,0:10:11,0:13:05,0:02:54,pos,22.1656051
100,837,587,10/10/2017 0:00,0.290909,0:10:11,0:12:49,0:02:38,pos,20.54616385
100,837,587,10/12/2017 0:00,0.314685,0:10:11,0:11:40,0:01:29,pos,12.71428571
100,837,587,10/18/2017 0:00,0.191489,0:10:11,0:11:40,0:01:29,pos,12.71428571
100,837,587,10/31/2017 0:00,0.173469,0:10:11,0:10:17,0:00:06,pos,0.9724473258
100,837,587,11/21/2017 0:00,0.290076,0:10:11,0:12:36,0:02:25,pos,19.17989418
100,837,587,1/9/2018 0:00,0.16129,0:10:11,0:14:54,0:04:43,pos,31.65548098
111,33,1116,4/28/2016 0:00,0.691964,0:12:00,0:11:11,0:00:49,neg,7.302533532
111,33,1116,4/29/2016 0:00,0.679705,0:12:00,0:09:29,0:02:31,neg,26.53778559
111,33,1116,5/26/2016 0:00,0.691824,0:12:00,0:19:07,0:07:07,pos,37.22755013
111,33,1116,6/4/2016 0:00,0.690896,0:12:00,0:12:24,0:00:24,pos,3.225806452
111,33,1116,6/24/2016 0:00,0.678764,0:12:00,0:14:04,0:02:04,pos,14.69194313
111,33,1116,7/22/2016 0:00,0.688105,0:12:00,0:10:06,0:01:54,neg,18.81188119
111,33,1116,8/12/2016 0:00,0.697055,0:12:00,0:12:55,0:00:55,pos,7.096774194
111,33,1116,8/19/2016 0:00,0.680545,0:12:00,0:12:34,0:00:34,pos,4.50928382
111,33,1116,3/1/2017 0:00,0.695955,0:12:00,0:13:45,0:01:45,pos,12.72727273
111,33,1116,8/8/2017 0:00,0.665685,0:12:00,0:16:50,0:04:50,pos,28.71287129
111,33,1116,8/9/2017 0:00,0.680412,0:12:00,0:19:33,0:07:33,pos,38.61892583
111,33,1116,9/7/2017 0:00,0.691855,0:12:00,0:20:07,0:08:07,pos,40.34797017
111,33,1116,9/15/2017 0:00,0.691649,0:12:00,0:10:38,0:01:22,neg,12.85266458
111,33,1116,9/28/2017 0:00,0.674679,0:12:00,0:10:17,0:01:43,neg,16.69367909
111,33,1116,9/29/2017 0:00,0.686715,0:12:00,0:18:19,0:06:19,pos,34.48589627
111,33,1116,10/15/2017 0:00,0.689978,0:12:00,0:10:58,0:01:02,neg,9.422492401
111,33,1116,10/17/2017 0:00,0.665354,0:12:00,0:17:56,0:05:56,pos,33.08550186
111,33,1116,10/19/2017 0:00,0.672384,0:12:00,0:19:02,0:07:02,pos,36.95271454
111,33,1116,10/20/2017 0:00,0.672384,0:12:00,0:10:37,0:01:23,neg,13.02982732
111,33,1116,10/30/2017 0:00,0.688,0:12:00,0:16:26,0:04:26,pos,26.97768763
111,33,1116,11/21/2017 0:00,0.666113,0:12:00,0:10:16,0:01:44,neg,16.88311688
111,33,1116,12/14/2017 0:00,0.675524,0:12:00,0:12:22,0:00:22,pos,2.964959569
111,33,1116,1/8/2018 0:00,0.688635,0:12:00,0:12:38,0:00:38,pos,5.013192612
111,33,1116,1/10/2018 0:00,0.685871,0:12:00,0:09:30,0:02:30,neg,26.31578947
111,1116,33,4/28/2016 0:00,0.691964,0:10:41,0:11:27,0:00:46,pos,6.695778748
111,1116,33,4/29/2016 0:00,0.679705,0:10:41,0:10:21,0:00:20,neg,3.220611916
111,1116,33,5/26/2016 0:00,0.691824,0:10:41,0:13:54,0:03:13,pos,23.14148681
111,1116,33,6/4/2016 0:00,0.690896,0:10:41,0:11:05,0:00:24,pos,3.609022556
111,1116,33,6/24/2016 0:00,0.678764,0:10:41,0:10:39,0:00:02,neg,0.3129890454
111,1116,33,7/22/2016 0:00,0.688105,0:10:41,0:13:14,0:02:33,pos,19.26952141
111,1116,33,8/12/2016 0:00,0.697055,0:10:41,0:14:33,0:03:52,pos,26.57502864
111,1116,33,8/19/2016 0:00,0.680545,0:10:41,0:10:50,0:00:09,pos,1.384615385
111,1116,33,3/1/2017 0:00,0.695955,0:10:41,0:12:54,0:02:13,pos,17.18346253
111,1116,33,8/8/2017 0:00,0.665685,0:10:41,0:14:01,0:03:20,pos,23.78121284
111,1116,33,8/9/2017 0:00,0.680412,0:10:41,0:12:47,0:02:06,pos,16.42764016
111,1116,33,9/7/2017 0:00,0.691855,0:10:41,0:12:53,0:02:12,pos,17.076326
111,1116,33,9/15/2017 0:00,0.691649,0:10:41,0:15:16,0:04:35,pos,30.02183406
111,1116,33,9/28/2017 0:00,0.674679,0:10:41,0:12:49,0:02:08,pos,16.6449935
111,1116,33,9/29/2017 0:00,0.686715,0:10:41,0:13:30,0:02:49,pos,20.86419753
111,1116,33,10/15/2017 0:00,0.689978,0:10:41,0:11:33,0:00:52,pos,7.503607504
111,1116,33,10/17/2017 0:00,0.665354,0:10:41,0:14:21,0:03:40,pos,25.55168409
111,1116,33,10/19/2017 0:00,0.672384,0:10:41,0:16:27,0:05:46,pos,35.05572442
111,1116,33,10/20/2017 0:00,0.672384,0:10:41,0:13:43,0:03:02,pos,22.11421628
111,1116,33,10/30/2017 0:00,0.688,0:10:41,0:10:32,0:00:09,neg,1.424050633
111,1116,33,11/21/2017 0:00,0.666113,0:10:41,0:11:50,0:01:09,pos,9.718309859
111,1116,33,12/14/2017 0:00,0.675524,0:10:41,0:11:37,0:00:56,pos,8.034433286
111,1116,33,1/8/2018 0:00,0.688635,0:10:41,0:12:50,0:02:09,pos,16.75324675
111,1116,33,1/10/2018 0:00,0.685871,0:10:41,0:12:37,0:01:56,pos,15.32364597
116,41,254,7/24/2016 0:00,0.599119,0:14:25,0:15:37,0:01:12,pos,7.684098186
116,41,254,9/14/2016 0:00,0.587755,0:14:25,0:16:11,0:01:46,pos,10.91658084
116,41,254,9/16/2016 0:00,0.606498,0:14:25,0:15:05,0:00:40,pos,4.419889503
116,41,254,2/8/2017 0:00,0.594306,0:14:25,0:16:31,0:02:06,pos,12.71442987
116,41,254,2/12/2017 0:00,0.605114,0:14:25,0:15:28,0:01:03,pos,6.788793103
116,41,254,2/16/2017 0:00,0.59589,0:14:25,0:13:34,0:00:51,neg,6.265356265
116,41,254,4/2/2017 0:00,0.594249,0:14:25,0:12:12,0:02:13,neg,18.16939891
116,41,254,5/1/2017 0:00,0.587234,0:14:25,0:13:47,0:00:38,neg,4.594921403
116,41,254,5/19/2017 0:00,0.560209,0:14:25,0:20:45,0:06:20,pos,30.52208835
116,41,254,6/1/2017 0:00,0.573077,0:14:25,0:17:37,0:03:12,pos,18.16461684
116,41,254,7/23/2017 0:00,0.576389,0:14:25,0:19:17,0:04:52,pos,25.23768366
116,41,254,9/7/2017 0:00,0.593074,0:14:25,0:14:23,0:00:02,neg,0.2317497103
116,41,254,9/12/2017 0:00,0.605809,0:14:25,0:14:55,0:00:30,pos,3.351955307
116,41,254,9/29/2017 0:00,0.605187,0:14:25,0:15:36,0:01:11,pos,7.585470085
116,41,254,10/2/2017 0:00,0.576687,0:14:25,0:17:09,0:02:44,pos,15.93780369
116,41,254,10/4/2017 0:00,0.565789,0:14:25,0:16:50,0:02:25,pos,14.35643564
116,41,254,10/10/2017 0:00,0.57554,0:14:25,0:12:49,0:01:36,neg,12.48374512
116,41,254,10/19/2017 0:00,0.596708,0:14:25,0:15:31,0:01:06,pos,7.08915145
116,41,254,11/3/2017 0:00,0.587963,0:14:25,0:18:37,0:04:12,pos,22.56042972
116,41,254,11/6/2017 0:00,0.607955,0:14:25,0:14:27,0:00:02,pos,0.2306805075
116,41,254,1/8/2018 0:00,0.584906,0:14:25,0:16:28,0:02:03,pos,12.44939271
116,41,254,1/9/2018 0:00,0.502762,0:14:25,0:16:39,0:02:14,pos,13.41341341
116,41,254,1/10/2018 0:00,0.549242,0:14:25,0:16:15,0:01:50,pos,11.28205128
116,41,254,1/11/2018 0:00,0.603175,0:14:25,0:15:34,0:01:09,pos,7.3875803
116,254,41,7/24/2016 0:00,0.599119,0:15:54,0:17:26,0:01:32,pos,8.79541109
116,254,41,9/14/2016 0:00,0.587755,0:15:54,0:16:33,0:00:39,pos,3.927492447
116,254,41,9/16/2016 0:00,0.606498,0:15:54,0:18:38,0:02:44,pos,14.66905188
116,254,41,2/8/2017 0:00,0.594306,0:15:54,0:15:19,0:00:35,neg,3.808487486
116,254,41,2/12/2017 0:00,0.605114,0:15:54,0:17:56,0:02:02,pos,11.33828996
116,254,41,2/16/2017 0:00,0.59589,0:15:54,0:17:57,0:02:03,pos,11.42061281
116,254,41,4/2/2017 0:00,0.594249,0:15:54,0:17:38,0:01:44,pos,9.829867675
116,254,41,5/1/2017 0:00,0.587234,0:15:54,0:20:41,0:04:47,pos,23.12651088
116,254,41,5/19/2017 0:00,0.560209,0:15:54,0:19:52,0:03:58,pos,19.96644295
116,254,41,6/1/2017 0:00,0.573077,0:15:54,0:19:07,0:03:13,pos,16.82650392
116,254,41,7/23/2017 0:00,0.576389,0:15:54,0:19:53,0:03:59,pos,20.03352892
116,254,41,9/7/2017 0:00,0.593074,0:15:54,0:17:20,0:01:26,pos,8.269230769
116,254,41,9/12/2017 0:00,0.605809,0:15:54,0:17:52,0:01:58,pos,11.00746269
116,254,41,9/29/2017 0:00,0.605187,0:15:54,0:20:40,0:04:46,pos,23.06451613
116,254,41,10/2/2017 0:00,0.576687,0:15:54,0:15:14,0:00:40,neg,4.376367615
116,254,41,10/4/2017 0:00,0.565789,0:15:54,0:15:06,0:00:48,neg,5.298013245
116,254,41,10/10/2017 0:00,0.57554,0:15:54,0:13:08,0:02:46,neg,21.06598985
116,254,41,10/19/2017 0:00,0.596708,0:15:54,0:21:40,0:05:46,pos,26.61538462
116,254,41,11/3/2017 0:00,0.587963,0:15:54,0:17:43,0:01:49,pos,10.25399812
116,254,41,11/6/2017 0:00,0.607955,0:15:54,0:14:23,0:01:31,neg,10.54461182
116,254,41,1/8/2018 0:00,0.555556,0:15:54,0:22:00,0:06:06,pos,27.72727273
116,254,41,1/9/2018 0:00,0.502762,0:15:54,0:21:16,0:05:22,pos,25.23510972
116,254,41,1/10/2018 0:00,0.549242,0:15:54,0:20:24,0:04:30,pos,22.05882353
116,254,41,1/11/2018 0:00,0.603175,0:15:54,0:18:52,0:02:58,pos,15.72438163